mode,workers,repeats,time_seconds,time_std,speedup,efficiency
Secuencial,1,5,215.855382,6.768149,1.0,1.0
Paralelo,2,5,113.440891,5.020562,1.9028,0.9514
Paralelo,4,5,73.55877,1.717993,2.9345,0.7336
Paralelo,8,5,38.425926,6.003524,5.6174,0.7022
Paralelo,16,5,35.677276,2.334958,6.0502,0.3781
Paralelo,32,5,33.191302,0.347336,6.5034,0.2032
