mode,workers,repeats,time_seconds,time_std,speedup,efficiency
Secuencial,1,4,183.501638,1.058357,1.0,1.0
Paralelo,2,4,106.92843,1.878598,1.7161,0.8581
Paralelo,4,4,54.715833,3.398025,3.3537,0.8384
Paralelo,8,4,39.688879,0.180698,4.6235,0.5779
Paralelo,16,4,38.439627,3.036348,4.7738,0.2984
Paralelo,32,4,47.173272,1.987503,3.8899,0.1216
